filename,width,height,class,xmin,ymin,xmax,ymax
x54.jpg,224,224,X,26,25,188,125
x56.jpg,224,224,X,1,12,185,123
x67.jpg,224,224,X,2,18,194,130
x78.jpg,224,224,X,7,22,199,130
x89.jpg,224,224,X,23,23,206,130
x92.jpg,224,224,X,30,49,190,160
x100.jpg,224,224,X,26,24,216,133
x111.jpg,224,224,X,31,70,203,162
x112.jpg,224,224,X,37,31,210,141
x115.jpg,224,224,X,29,37,215,151
x116.jpg,224,224,X,19,55,211,169
x117.jpg,224,224,X,28,67,211,181
x118.jpg,224,224,X,17,73,210,188
x119.jpg,224,224,X,26,80,208,193
x120.jpg,224,224,X,29,87,210,199
x121.jpg,224,224,X,42,87,210,199
x122.jpg,224,224,X,44,91,213,200
x123.jpg,224,224,X,21,92,213,202
x124.jpg,224,224,X,39,68,201,163
x125.jpg,224,224,X,22,95,209,202
x126.jpg,224,224,X,14,93,173,201
x127.jpg,224,224,X,12,93,174,199
x129.jpg,224,224,X,23,113,200,220
x132.jpg,224,224,X,20,46,192,158
x133.jpg,224,224,X,17,35,198,147
x134.jpg,224,224,X,25,31,208,142
x135.jpg,224,224,X,30,65,194,159
x136.jpg,224,224,X,20,34,207,142
y0.jpg,224,224,Y,32,30,213,171
y1.jpg,224,224,Y,16,12,195,162
y2.jpg,224,224,Y,27,87,193,204
y3.jpg,224,224,Y,50,28,224,169
y8.jpg,224,224,Y,40,21,215,162
y9.jpg,224,224,Y,44,23,215,162
y12.jpg,224,224,Y,14,16,206,171
y15.jpg,224,224,Y,48,16,223,166
y23.jpg,224,224,Y,5,17,214,176
y25.jpg,224,224,Y,34,22,196,170
y32.jpg,224,224,Y,12,19,181,165
y34.jpg,224,224,Y,7,17,214,168
y45.jpg,224,224,Y,10,14,224,182
y57.jpg,224,224,Y,55,7,221,151
y59.jpg,224,224,Y,59,3,220,153
y100.jpg,224,224,Y,3,27,199,189
y111.jpg,224,224,Y,30,24,210,162
y112.jpg,224,224,Y,1,22,193,179
y114.jpg,224,224,Y,4,18,189,172
y115.jpg,224,224,Y,3,18,188,165
y116.jpg,224,224,Y,16,14,190,153
y117.jpg,224,224,Y,26,10,198,146
y118.jpg,224,224,Y,35,11,200,145
y119.jpg,224,224,Y,28,14,196,139
y123.jpg,224,224,Y,33,20,208,159
y124.jpg,224,224,Y,5,13,158,136
y126.jpg,224,224,Y,16,52,180,177
y127.jpg,224,224,Y,22,64,188,187
y128.jpg,224,224,Y,21,81,194,195
y129.jpg,224,224,Y,22,85,197,202
y130.jpg,224,224,Y,28,78,199,194
y131.jpg,224,224,Y,31,70,199,187
y132.jpg,224,224,Y,31,57,198,175
y133.jpg,224,224,Y,30,49,195,168
y134.jpg,224,224,Y,28,20,210,157
y135.jpg,224,224,Y,22,43,188,163
y136.jpg,224,224,Y,14,42,170,161
y137.jpg,224,224,Y,7,39,164,154
y138.jpg,224,224,Y,9,20,158,139
y139.jpg,224,224,Y,6,12,158,131
y140.jpg,224,224,Y,9,4,154,132
y142.jpg,224,224,Y,19,43,170,158
y143.jpg,224,224,Y,15,60,177,178
z0.jpg,224,224,Z,7,34,208,179
z1.jpg,224,224,Z,5,21,194,164
z2.jpg,224,224,Z,41,71,216,219
z3.jpg,224,224,Z,42,19,180,135
z4.jpg,224,224,Z,50,42,196,154
z10.jpg,224,224,Z,78,45,214,155
z11.jpg,224,224,Z,77,44,214,158
z12.jpg,224,224,Z,10,24,184,156
z13.jpg,224,224,Z,79,46,215,160
z14.jpg,224,224,Z,78,48,213,165
z17.jpg,224,224,Z,80,54,217,165
z19.jpg,224,224,Z,81,60,220,169
z23.jpg,224,224,Z,15,31,176,155
z31.jpg,224,224,Z,43,65,194,180
z33.jpg,224,224,Z,49,58,191,170
z34.jpg,224,224,Z,16,39,169,158
z45.jpg,224,224,Z,17,41,173,155
z52.jpg,224,224,Z,78,17,210,136
z56.jpg,224,224,Z,24,40,175,153
z67.jpg,224,224,Z,32,40,173,149
z78.jpg,224,224,Z,39,49,182,154
z83.jpg,224,224,Z,51,60,181,166
z84.jpg,224,224,Z,48,58,175,164
z89.jpg,224,224,Z,42,40,193,152
z91.jpg,224,224,Z,42,60,156,162
z100.jpg,224,224,Z,51,38,208,144
z111.jpg,224,224,Z,1,35,205,182
z112.jpg,224,224,Z,45,19,213,125
z129.jpg,224,224,Z,42,44,206,156
z131.jpg,224,224,Z,41,68,204,179
z133.jpg,224,224,Z,40,93,208,202
z134.jpg,224,224,Z,15,62,190,183
z135.jpg,224,224,Z,14,62,187,182
z136.jpg,224,224,Z,22,63,191,180
z137.jpg,224,224,Z,7,35,209,186
z139.jpg,224,224,Z,25,31,196,149
z140.jpg,224,224,Z,21,21,200,139
z141.jpg,224,224,Z,18,15,198,140
z142.jpg,224,224,Z,15,20,195,144
z143.jpg,224,224,Z,17,24,200,142
z144.jpg,224,224,Z,19,25,202,149
d0.jpg,224,224,D,67,8,188,130
d1.jpg,224,224,D,46,11,160,139
d2.jpg,224,224,D,39,57,212,216
d3.jpg,224,224,D,107,44,220,146
d4.jpg,224,224,D,74,51,208,173
d5.jpg,224,224,D,34,32,149,154
d8.jpg,224,224,D,36,27,153,149
d9.jpg,224,224,D,80,15,194,129
d11.jpg,224,224,D,39,31,162,154
d12.jpg,224,224,D,38,8,171,134
d13.jpg,224,224,D,113,15,220,131
d14.jpg,224,224,D,114,14,224,144
d15.jpg,224,224,D,133,24,224,144
d16.jpg,224,224,D,141,24,224,147
d18.jpg,224,224,D,101,26,209,146
d21.jpg,224,224,D,81,38,206,177
d23.jpg,224,224,D,37,5,189,157
d27.jpg,224,224,D,113,35,210,161
d28.jpg,224,224,D,9,50,128,172
d29.jpg,224,224,D,23,17,137,150
d30.jpg,224,224,D,63,7,156,118
d31.jpg,224,224,D,58,3,159,114
d32.jpg,224,224,D,62,5,151,119
d33.jpg,224,224,D,57,8,158,120
d34.jpg,224,224,D,55,10,199,157
d36.jpg,224,224,D,85,11,190,122
d38.jpg,224,224,D,49,27,184,156
d40.jpg,224,224,D,9,24,118,169
d41.jpg,224,224,D,10,30,130,175
d44.jpg,224,224,D,25,18,132,146
d45.jpg,224,224,D,76,10,211,163
d46.jpg,224,224,D,65,18,189,159
d47.jpg,224,224,D,74,20,192,150
d48.jpg,224,224,D,75,21,197,137
d49.jpg,224,224,D,84,26,193,136
d53.jpg,224,224,D,33,53,174,176
e0.jpg,224,224,D,30,13,187,105
e1.jpg,224,224,E,28,4,197,101
e2.jpg,224,224,E,1,39,211,168
e3.jpg,224,224,E,35,65,196,156
e4.jpg,224,224,E,32,56,192,155
e5.jpg,224,224,E,53,55,202,147
e7.jpg,224,224,E,56,55,205,153
e8.jpg,224,224,E,61,55,203,149
e12.jpg,224,224,E,38,6,205,100
e13.jpg,224,224,E,72,53,211,150
e14.jpg,224,224,E,86,60,224,155
e16.jpg,224,224,E,57,56,209,150
e17.jpg,224,224,E,82,70,222,148
e19.jpg,224,224,E,83,68,224,156
e23.jpg,224,224,E,44,8,216,105
e24.jpg,224,224,E,100,70,224,158
e30.jpg,224,224,E,99,81,224,166
e31.jpg,224,224,E,74,82,224,166
e32.jpg,224,224,E,34,83,191,162
e33.jpg,224,224,E,39,79,199,165
e34.jpg,224,224,E,53,9,210,103
e35.jpg,224,224,E,44,76,208,167
e36.jpg,224,224,E,42,75,203,158
e37.jpg,224,224,E,48,75,197,163
e38.jpg,224,224,E,47,75,198,164
e39.jpg,224,224,E,53,76,188,158
e40.jpg,224,224,E,43,77,198,156
e41.jpg,224,224,E,43,68,202,155
e42.jpg,224,224,E,51,74,198,165
e45.jpg,224,224,E,51,13,224,113
e46.jpg,224,224,E,58,69,215,156
e47.jpg,224,224,E,54,69,224,152
e53.jpg,224,224,E,63,62,224,142
e54.jpg,224,224,WW,70,64,224,142
e55.jpg,224,224,WW,72,57,224,142
e56.jpg,224,224,WWWW,60,13,224,121
e59.jpg,224,224,E,55,84,224,163
e60.jpg,224,224,E,53,83,224,161
e61.jpg,224,224,E,61,84,224,168
f0.jpg,224,224,F,21,6,220,122
f1.jpg,224,224,F,38,9,224,129
f2.jpg,224,224,F,12,64,219,203
f3.jpg,224,224,F,35,42,196,160
f4.jpg,224,224,F,49,44,207,163
f5.jpg,224,224,F,57,44,205,165
f6.jpg,224,224,F,58,46,208,171
f7.jpg,224,224,F,58,46,211,172
f8.jpg,224,224,F,58,51,215,174
f12.jpg,224,224,F,36,11,224,129
f13.jpg,224,224,F,52,54,216,173
f14.jpg,224,224,F,48,54,215,178
f15.jpg,224,224,F,50,54,213,185
f16.jpg,224,224,F,22,60,200,184
f17.jpg,224,224,F,21,61,192,187
f18.jpg,224,224,F,16,63,193,188
f22.jpg,224,224,F,1,74,176,193
f23.jpg,224,224,F,24,17,224,138
f24.jpg,224,224,F,1,78,182,185
f25.jpg,224,224,F,1,78,177,208
f27.jpg,224,224,F,16,34,163,143
f28.jpg,224,224,F,35,34,178,131
f29.jpg,224,224,F,32,34,165,132
f30.jpg,224,224,F,37,34,173,131
f31.jpg,224,224,F,36,31,171,129
f32.jpg,224,224,F,36,29,180,137
f33.jpg,224,224,F,57,34,209,145
f34.jpg,224,224,F,13,19,221,149
f35.jpg,224,224,F,73,44,224,162
f36.jpg,224,224,F,82,45,224,169
f41.jpg,224,224,F,57,87,224,199
f42.jpg,224,224,F,36,80,211,192
f43.jpg,224,224,F,39,74,217,196
f44.jpg,224,224,F,42,78,215,190
f45.jpg,224,224,F,10,14,224,142
f46.jpg,224,224,F,45,77,216,188
f47.jpg,224,224,F,41,74,219,187
f48.jpg,224,224,F,42,77,217,189
g0.jpg,224,224,G,60,17,170,168
g1.jpg,224,224,G,89,33,192,184
g2.jpg,224,224,G,85,41,191,209
g3.jpg,224,224,G,54,49,142,197
g4.jpg,224,224,G,109,40,188,168
g5.jpg,224,224,G,46,60,151,201
g6.jpg,224,224,G,33,49,112,178
g7.jpg,224,224,G,35,50,120,179
g10.jpg,224,224,G,40,49,116,177
g11.jpg,224,224,G,35,45,122,176
g12.jpg,224,224,G,94,37,178,190
g13.jpg,224,224,G,37,46,122,176
g14.jpg,224,224,G,35,46,131,179
g15.jpg,224,224,G,45,46,135,175
g16.jpg,224,224,G,65,32,160,165
g17.jpg,224,224,G,89,41,178,165
g18.jpg,224,224,G,130,51,224,191
g19.jpg,224,224,G,84,73,204,220
g20.jpg,224,224,G,93,75,209,211
g21.jpg,224,224,G,106,68,214,206
g22.jpg,224,224,G,112,70,214,203
g23.jpg,224,224,G,69,41,169,194
g24.jpg,224,224,G,91,63,186,206
g25.jpg,224,224,G,38,60,156,210
g26.jpg,224,224,G,36,48,147,204
g27.jpg,224,224,G,28,35,139,190
g30.jpg,224,224,D,33,39,158,187
g32.jpg,224,224,G,39,37,165,191
g33.jpg,224,224,G,32,40,165,189
g34.jpg,224,224,G,52,42,161,195
g35.jpg,224,224,G,41,40,159,190
g36.jpg,224,224,G,38,40,150,191
g37.jpg,224,224,G,33,37,141,188
g38.jpg,224,224,G,43,41,151,195
g39.jpg,224,224,G,40,42,158,197
g40.jpg,224,224,G,49,43,167,197
g41.jpg,224,224,G,41,42,164,194
g42.jpg,224,224,G,48,45,162,198
g43.jpg,224,224,G,81,38,191,194
g44.jpg,224,224,G,107,39,206,177
g45.jpg,224,224,G,36,37,141,190
g46.jpg,224,224,G,80,36,176,167
g47.jpg,224,224,G,43,34,136,165
g48.jpg,224,224,G,24,31,128,178
g49.jpg,224,224,G,23,33,131,178
g50.jpg,224,224,G,20,31,120,179
h0.jpg,224,224,G,24,18,180,197
h1.jpg,224,224,H,24,31,185,217
h2.jpg,224,224,H,46,1,196,217
h3.jpg,224,224,H,31,39,156,182
h4.jpg,224,224,H,27,32,153,178
h5.jpg,224,224,H,19,22,142,170
h6.jpg,224,224,H,15,23,146,170
h7.jpg,224,224,H,16,23,144,166
h8.jpg,224,224,H,17,25,145,173
h9.jpg,224,224,H,20,23,147,170
h10.jpg,224,224,H,24,25,148,183
h11.jpg,224,224,H,23,28,150,179
h12.jpg,224,224,H,33,32,192,222
h13.jpg,224,224,H,24,28,154,177
h14.jpg,224,224,H,24,31,154,179
h15.jpg,224,224,H,19,32,151,183
h16.jpg,224,224,H,23,33,153,185
h17.jpg,224,224,H,20,34,159,182
h18.jpg,224,224,H,18,35,159,181
h19.jpg,224,224,H,29,33,161,185
h20.jpg,224,224,H,24,31,162,183
h21.jpg,224,224,H,27,27,164,180
h22.jpg,224,224,H,29,24,162,190
h23.jpg,224,224,H,38,30,194,210
h24.jpg,224,224,H,34,21,164,174
h25.jpg,224,224,H,21,18,164,174
h26.jpg,224,224,H,23,18,162,175
h27.jpg,224,224,H,25,17,162,170
h28.jpg,224,224,H,23,18,159,173
h29.jpg,224,224,H,23,23,157,176
h30.jpg,224,224,H,10,36,148,185
h31.jpg,224,224,H,9,33,145,182
h32.jpg,224,224,H,12,26,146,189
h33.jpg,224,224,H,8,28,146,186
h34.jpg,224,224,H,51,22,203,204
h35.jpg,224,224,H,13,28,146,186
h36.jpg,224,224,H,14,25,149,179
h37.jpg,224,224,H,15,29,143,179
h38.jpg,224,224,H,17,30,145,181
h39.jpg,224,224,H,10,46,156,196
i1.jpg,224,224,i,43,7,144,161
i1.jpg,224,224,I,43,8,154,147
i2.jpg,224,224,I,73,21,197,204
i3.jpg,224,224,I,65,20,188,209
i4.jpg,224,224,I,52,27,175,206
i6.jpg,224,224,I,105,23,198,160
i7.jpg,224,224,I,74,10,165,155
i8.jpg,224,224,I,69,10,155,151
i9.jpg,224,224,I,67,8,160,156
i10.jpg,224,224,I,63,14,160,168
i11.jpg,224,224,I,61,13,156,160
i12.jpg,224,224,I,38,5,128,160
i23.jpg,224,224,I,30,6,119,158
i24.jpg,224,224,I,93,47,159,165
i25.jpg,224,224,I,56,51,131,162
i30.jpg,224,224,I,29,32,106,159
i31.jpg,224,224,I,36,33,112,160
i32.jpg,224,224,I,31,33,105,164
i33.jpg,224,224,I,35,36,103,161
i34.jpg,224,224,I,19,5,111,158
i35.jpg,224,224,I,30,39,107,153
i36.jpg,224,224,I,27,39,88,160
i44.jpg,224,224,I,48,23,125,140
i45.jpg,224,224,I,17,8,106,156
i46.jpg,224,224,I,39,29,115,137
i47.jpg,224,224,I,31,32,103,155
i49.jpg,224,224,I,12,42,76,168
i56.jpg,224,224,I,17,10,113,169
i60.jpg,224,224,I,74,53,140,171
i62.jpg,224,224,I,26,38,103,164
i63.jpg,224,224,I,25,33,103,164
i67.jpg,224,224,I,22,13,115,167
i73.jpg,224,224,I,80,47,149,164
i83.jpg,224,224,I,81,35,162,154
i90.jpg,224,224,I,82,56,151,174
i100.jpg,224,224,I,56,6,142,163
i106.jpg,224,224,I,100,70,173,181
j0.jpg,224,224,J,16,9,129,120
j1.jpg,224,224,J,22,8,151,141
j2.jpg,224,224,J,25,30,138,178
j10.jpg,224,224,J,81,80,161,173
j12.jpg,224,224,J,42,20,155,155
j13.jpg,224,224,J,126,49,221,135
j14.jpg,224,224,J,97,70,196,183
j15.jpg,224,224,J,84,91,170,193
j16.jpg,224,224,J,92,63,176,154
j17.jpg,224,224,J,87,54,179,151
j18.jpg,224,224,J,93,53,176,142
j19.jpg,224,224,J,82,44,175,142
j20.jpg,224,224,J,81,47,165,133
j21.jpg,224,224,J,62,53,150,150
j22.jpg,224,224,J,53,57,134,157
j23.jpg,224,224,J,45,40,144,163
j24.jpg,224,224,J,58,63,137,158
j25.jpg,224,224,J,56,58,151,160
j27.jpg,224,224,J,58,67,139,164
j28.jpg,224,224,J,61,64,144,163
j32.jpg,224,224,J,75,71,177,173
j33.jpg,224,224,J,89,73,172,174
j34.jpg,224,224,J,53,42,152,162
j35.jpg,224,224,J,84,82,171,169
j36.jpg,224,224,J,87,74,165,170
j37.jpg,224,224,J,92,72,167,177
j38.jpg,224,224,J,93,68,166,171
j39.jpg,224,224,J,87,76,175,176
j40.jpg,224,224,J,86,74,168,171
j41.jpg,224,224,J,88,77,175,172
j42.jpg,224,224,J,87,84,175,184
j43.jpg,224,224,J,91,72,173,174
j44.jpg,224,224,J,100,77,189,175
j45.jpg,224,224,J,76,36,183,156
j54.jpg,224,224,J,78,55,167,148
k0.jpg,224,224,K,59,10,179,163
k1.jpg,224,224,K,71,8,205,172
k3.jpg,224,224,K,34,23,210,199
k4.jpg,224,224,K,32,21,200,205
k6.jpg,224,224,K,33,17,198,200
k7.jpg,224,224,K,30,16,199,199
k8.jpg,224,224,K,48,20,188,196
k9.jpg,224,224,K,38,15,204,188
k10.jpg,224,224,K,51,10,202,190
k11.jpg,224,224,K,54,7,224,200
k12.jpg,224,224,K,59,2,204,180
k13.jpg,224,224,K,50,18,208,198
k14.jpg,224,224,K,39,18,206,195
k16.jpg,224,224,K,26,16,200,192
k17.jpg,224,224,K,31,8,194,194
k18.jpg,224,224,K,35,10,204,199
k19.jpg,224,224,K,34,9,202,193
k20.jpg,224,224,K,42,7,202,194
k21.jpg,224,224,K,59,10,219,196
k22.jpg,224,224,K,64,10,220,190
k23.jpg,224,224,K,53,2,205,181
k24.jpg,224,224,K,57,10,220,191
k28.jpg,224,224,K,49,17,219,205
k29.jpg,224,224,K,48,19,214,201
k32.jpg,224,224,K,37,18,203,198
k33.jpg,224,224,K,36,15,197,191
k35.jpg,224,224,K,43,11,196,188
k36.jpg,224,224,K,32,18,193,188
k37.jpg,224,224,K,33,15,202,194
k38.jpg,224,224,K,59,13,215,197
k39.jpg,224,224,K,60,16,217,198
l0.jpg,224,224,K,24,16,156,161
l0.jpg,224,224,L,23,15,157,160
l2.jpg,224,224,L,50,56,176,192
l5.jpg,224,224,L,1,34,151,187
l6.jpg,224,224,L,1,21,165,172
l7.jpg,224,224,L,1,20,156,183
l14.jpg,224,224,L,7,48,151,190
l17.jpg,224,224,L,47,33,185,179
l20.jpg,224,224,L,1,74,149,203
l21.jpg,224,224,L,1,74,150,198
l22.jpg,224,224,L,1,71,159,199
l24.jpg,224,224,L,1,64,163,196
l25.jpg,224,224,L,20,53,176,189
l29.jpg,224,224,L,1,68,145,206
l31.jpg,224,224,L,2,36,161,192
l32.jpg,224,224,L,1,35,154,194
l33.jpg,224,224,L,1,33,155,195
l34.jpg,224,224,L,28,4,157,185
l35.jpg,224,224,L,1,28,155,195
l36.jpg,224,224,L,1,27,155,196
l37.jpg,224,224,L,1,25,158,192
l38.jpg,224,224,L,1,22,127,195
l39.jpg,224,224,L,1,24,130,182
l40.jpg,224,224,L,1,25,125,183
l41.jpg,224,224,L,1,28,126,185
l43.jpg,224,224,L,17,34,160,182
l44.jpg,224,224,L,18,33,155,183
l46.jpg,224,224,L,20,25,159,176
l47.jpg,224,224,L,16,22,165,182
l48.jpg,224,224,L,18,22,172,178
l49.jpg,224,224,L,19,13,166,166
l54.jpg,224,224,L,1,34,131,179
l56.jpg,224,224,L,1,8,127,177
l57.jpg,224,224,L,1,42,124,185
l59.jpg,224,224,L,4,42,141,194
l60.jpg,224,224,L,14,34,156,191
l61.jpg,224,224,L,16,27,168,183
l62.jpg,224,224,L,19,17,168,171
l67.jpg,224,224,L,1,9,122,188
l69.jpg,224,224,L,1,33,119,186
l71.jpg,224,224,L,4,49,142,177
l74.jpg,224,224,L,21,40,158,179
l75.jpg,224,224,L,48,39,170,175
b0.jpg,224,224,B,29,10,203,126
b1.jpg,224,224,B,27,38,212,160
b2.jpg,224,224,B,17,63,214,182
b3.jpg,224,224,B,17,67,209,186
b4.jpg,224,224,B,16,69,211,185
b7.jpg,224,224,B,11,13,191,149
b8.jpg,224,224,B,45,30,210,160
b9.jpg,224,224,B,44,30,209,158
b10.jpg,224,224,B,52,33,209,160
b11.jpg,224,224,B,46,34,217,153
b12.jpg,224,224,B,26,48,212,167
b13.jpg,224,224,B,58,28,216,160
b14.jpg,224,224,B,54,32,223,166
b15.jpg,224,224,B,62,31,218,156
b16.jpg,224,224,B,66,33,220,151
b17.jpg,224,224,B,63,34,219,145
b18.jpg,224,224,B,61,31,224,141
b19.jpg,224,224,B,69,31,222,148
b20.jpg,224,224,B,67,29,224,150
b21.jpg,224,224,B,68,30,224,146
b22.jpg,224,224,B,72,30,224,147
b23.jpg,224,224,B,19,57,214,173
b24.jpg,224,224,B,66,23,223,149
b25.jpg,224,224,B,38,39,209,149
b26.jpg,224,224,B,39,34,204,152
b27.jpg,224,224,B,39,20,206,145
b28.jpg,224,224,B,37,22,205,144
b29.jpg,224,224,B,35,22,199,145
b30.jpg,224,224,B,30,20,204,142
b31.jpg,224,224,B,29,23,195,145
b32.jpg,224,224,B,24,22,199,145
b33.jpg,224,224,B,23,23,199,149
b34.jpg,224,224,B,22,64,214,181
b35.jpg,224,224,B,17,19,197,140
b36.jpg,224,224,B,14,18,195,144
b37.jpg,224,224,B,15,19,188,143
webcam_opencv_no_1_0.jpg,640,480,1,210,178,477,480
webcam_opencv_no_1_1.jpg,640,480,1,182,182,418,479
webcam_opencv_no_1_2.jpg,640,480,1,226,111,448,464
webcam_opencv_no_1_3.jpg,640,480,1,395,130,613,477
webcam_opencv_no_1_4.jpg,640,480,1,136,86,357,438
webcam_opencv_no_1_5.jpg,640,480,1,109,95,333,449
webcam_opencv_no_1_6.jpg,640,480,1,27,88,260,474
webcam_opencv_no_1_7.jpg,640,480,1,233,71,409,444
webcam_opencv_no_1_8.jpg,640,480,1,262,61,434,430
webcam_opencv_no_1_9.jpg,640,480,1,295,50,499,402
webcam_opencv_no_1_10.jpg,640,480,1,224,45,441,412
webcam_opencv_no_1_11.jpg,640,480,1,137,79,344,470
webcam_opencv_no_1_12.jpg,640,480,1,144,62,417,469
webcam_opencv_no_1_13.jpg,640,480,1,138,60,377,462
webcam_opencv_no_1_14.jpg,640,480,1,149,77,358,478
webcam_opencv_no_1_15.jpg,640,480,1,187,58,400,448
webcam_opencv_no_1_16.jpg,640,480,1,275,38,488,435
webcam_opencv_no_1_17.jpg,640,480,1,257,60,505,463
webcam_opencv_no_1_18.jpg,640,480,1,151,73,375,472
webcam_opencv_no_1_19.jpg,640,480,1,226,74,487,480
webcam_opencv_no_1_20.jpg,640,480,1,218,70,430,470
webcam_opencv_no_1_21.jpg,640,480,1,190,62,398,478
webcam_opencv_no_1_22.jpg,640,480,1,170,28,401,449
webcam_opencv_no_1_23.jpg,640,480,1,219,109,493,480
webcam_opencv_no_1_24.jpg,640,480,1,217,53,530,479
webcam_opencv_no_1_25.jpg,640,480,1,248,56,451,439
webcam_opencv_no_1_26.jpg,640,480,1,253,64,469,451
webcam_opencv_no_1_27.jpg,640,480,1,241,68,470,449
webcam_opencv_no_1_28.jpg,640,480,1,257,65,493,462
webcam_opencv_no_1_29.jpg,640,480,1,245,106,470,470
webcam_opencv_no_1_30.jpg,640,480,1,194,74,398,471
webcam_opencv_no_1_31.jpg,640,480,1,207,72,430,461
webcam_opencv_no_1_32.jpg,640,480,1,170,71,402,474
webcam_opencv_no_1_33.jpg,640,480,1,196,65,425,475
webcam_opencv_no_1_34.jpg,640,480,1,205,61,421,473
webcam_opencv_no_1_35.jpg,640,480,1,128,43,350,480
webcam_opencv_no_2_0.jpg,640,480,2,115,64,401,480
webcam_opencv_no_2_1.jpg,640,480,2,134,64,421,480
webcam_opencv_no_2_2.jpg,640,480,2,152,62,403,459
webcam_opencv_no_2_3.jpg,640,480,2,139,67,415,460
webcam_opencv_no_2_4.jpg,640,480,2,72,74,377,472
webcam_opencv_no_2_5.jpg,640,480,2,153,40,409,454
webcam_opencv_no_2_6.jpg,640,480,2,175,72,414,473
webcam_opencv_no_2_7.jpg,640,480,2,235,93,476,480
webcam_opencv_no_2_8.jpg,640,480,2,149,82,430,477
webcam_opencv_no_2_9.jpg,640,480,2,206,118,444,470
webcam_opencv_no_2_10.jpg,640,480,2,195,108,430,475
webcam_opencv_no_2_11.jpg,640,480,2,174,72,438,473
webcam_opencv_no_2_12.jpg,640,480,2,137,72,442,464
webcam_opencv_no_2_13.jpg,640,480,2,115,67,381,472
webcam_opencv_no_2_14.jpg,640,480,2,113,78,352,480
webcam_opencv_no_2_15.jpg,640,480,2,53,46,377,473
webcam_opencv_no_2_16.jpg,640,480,2,62,87,299,412
webcam_opencv_no_2_17.jpg,640,480,2,101,60,306,376
webcam_opencv_no_2_18.jpg,640,480,2,46,95,296,434
webcam_opencv_no_2_19.jpg,640,480,2,126,104,314,461
webcam_opencv_no_2_20.jpg,640,480,2,295,88,527,388
webcam_opencv_no_2_21.jpg,640,480,2,306,77,524,402
webcam_opencv_no_2_22.jpg,640,480,2,355,118,563,443
webcam_opencv_no_2_23.jpg,640,480,2,319,26,545,368
webcam_opencv_no_2_24.jpg,640,480,2,305,100,573,449
webcam_opencv_no_2_25.jpg,640,480,2,124,135,337,470
webcam_opencv_no_2_26.jpg,640,480,2,213,152,481,478
webcam_opencv_no_2_27.jpg,640,480,2,105,134,368,480
webcam_opencv_no_2_28.jpg,640,480,2,219,145,441,473
webcam_opencv_no_2_29.jpg,640,480,2,213,112,446,478
webcam_opencv_no_2_30.jpg,640,480,2,259,119,541,480
webcam_opencv_no_2_31.jpg,640,480,2,76,134,307,477
webcam_opencv_no_2_32.jpg,640,480,2,2,142,257,480
webcam_opencv_no_2_33.jpg,640,480,2,284,142,512,476
webcam_opencv_no_2_34.jpg,640,480,2,284,99,582,449
webcam_opencv_no_2_35.jpg,640,480,2,160,145,406,467
webcam_opencv_no_3_0.jpg,640,480,3,232,76,488,403
webcam_opencv_no_3_1.jpg,640,480,3,238,89,491,424
webcam_opencv_no_3_2.jpg,640,480,3,166,100,424,433
webcam_opencv_no_3_3.jpg,640,480,3,286,60,548,419
webcam_opencv_no_3_4.jpg,640,480,3,224,95,479,436
webcam_opencv_no_3_5.jpg,640,480,3,344,113,565,406
webcam_opencv_no_3_6.jpg,640,480,3,330,96,560,416
webcam_opencv_no_3_7.jpg,640,480,3,349,122,569,443
webcam_opencv_no_3_8.jpg,640,480,3,403,126,614,441
webcam_opencv_no_3_9.jpg,640,480,3,298,136,509,441
webcam_opencv_no_3_10.jpg,640,480,3,234,141,451,447
webcam_opencv_no_3_11.jpg,640,480,3,129,165,363,449
webcam_opencv_no_3_12.jpg,640,480,3,195,72,354,373
webcam_opencv_no_3_13.jpg,640,480,3,183,113,356,413
webcam_opencv_no_3_14.jpg,640,480,3,168,137,429,476
webcam_opencv_no_3_15.jpg,640,480,3,85,215,396,480
webcam_opencv_no_3_16.jpg,640,480,3,139,201,404,476
webcam_opencv_no_3_17.jpg,640,480,3,78,232,280,470
webcam_opencv_no_3_18.jpg,640,480,3,290,128,534,465
webcam_opencv_no_3_19.jpg,640,480,3,190,155,419,473
webcam_opencv_no_3_20.jpg,640,480,3,278,132,542,480
webcam_opencv_no_3_21.jpg,640,480,3,289,120,547,480
webcam_opencv_no_3_22.jpg,640,480,3,142,157,390,470
webcam_opencv_no_3_23.jpg,640,480,3,269,132,523,474
webcam_opencv_no_3_24.jpg,640,480,3,347,85,599,460
webcam_opencv_no_3_25.jpg,640,480,3,37,139,261,469
webcam_opencv_no_3_26.jpg,640,480,3,191,148,382,471
webcam_opencv_no_3_27.jpg,640,480,3,201,145,429,448
webcam_opencv_no_3_28.jpg,640,480,3,54,121,261,459
webcam_opencv_no_3_29.jpg,640,480,3,285,156,535,465
webcam_opencv_no_3_30.jpg,640,480,3,196,166,444,477
webcam_opencv_no_3_31.jpg,640,480,3,154,124,402,476
webcam_opencv_no_3_32.jpg,640,480,3,106,127,363,453
webcam_opencv_no_3_33.jpg,640,480,3,244,154,515,451
webcam_opencv_no_3_34.jpg,640,480,3,83,126,320,437
webcam_opencv_no_3_35.jpg,640,480,3,318,151,576,449
webcam_opencv_no_4_0.jpg,640,480,4,35,139,344,480
webcam_opencv_no_4_1.jpg,640,480,4,16,120,355,480
webcam_opencv_no_4_2.jpg,640,480,4,17,54,334,436
webcam_opencv_no_4_3.jpg,640,480,4,42,79,367,450
webcam_opencv_no_4_4.jpg,640,480,4,35,75,347,450
webcam_opencv_no_4_5.jpg,640,480,4,76,80,383,457
webcam_opencv_no_4_6.jpg,640,480,4,30,83,360,467
webcam_opencv_no_4_7.jpg,640,480,4,181,73,492,427
webcam_opencv_no_4_8.jpg,640,480,4,179,56,469,455
webcam_opencv_no_4_9.jpg,640,480,4,192,55,505,435
webcam_opencv_no_4_10.jpg,640,480,4,190,57,508,449
webcam_opencv_no_4_11.jpg,640,480,4,181,96,488,459
webcam_opencv_no_4_12.jpg,640,480,4,338,102,631,464
webcam_opencv_no_4_13.jpg,640,480,4,206,104,452,451
webcam_opencv_no_4_14.jpg,640,480,4,217,150,484,471
webcam_opencv_no_4_15.jpg,640,480,4,226,178,498,471
webcam_opencv_no_4_16.jpg,640,480,4,209,159,543,477
webcam_opencv_no_4_17.jpg,640,480,4,274,164,627,480
webcam_opencv_no_4_18.jpg,640,480,4,233,148,521,473
webcam_opencv_no_4_19.jpg,640,480,4,206,189,519,480
webcam_opencv_no_4_20.jpg,640,480,4,275,58,597,472
webcam_opencv_no_4_21.jpg,640,480,4,256,122,600,479
webcam_opencv_no_4_22.jpg,640,480,4,232,125,574,479
webcam_opencv_no_4_23.jpg,640,480,4,240,49,570,452
webcam_opencv_no_4_24.jpg,640,480,4,210,114,529,479
webcam_opencv_no_4_25.jpg,640,480,4,82,144,334,448
webcam_opencv_no_4_26.jpg,640,480,4,271,163,512,478
webcam_opencv_no_4_27.jpg,640,480,4,200,158,436,432
webcam_opencv_no_4_28.jpg,640,480,4,295,133,554,453
webcam_opencv_no_4_29.jpg,640,480,4,118,150,364,447
webcam_opencv_no_4_30.jpg,640,480,4,174,155,414,463
webcam_opencv_no_4_31.jpg,640,480,4,119,159,346,477
webcam_opencv_no_4_32.jpg,640,480,4,136,147,396,457
webcam_opencv_no_4_33.jpg,640,480,4,45,136,324,455
webcam_opencv_no_4_34.jpg,640,480,4,232,156,516,453
webcam_opencv_no_4_35.jpg,640,480,4,152,129,398,424
webcam_opencv_no_5_0.jpg,640,480,5,218,12,552,374
webcam_opencv_no_5_1.jpg,640,480,5,247,83,596,458
webcam_opencv_no_5_2.jpg,640,480,5,227,102,584,466
webcam_opencv_no_5_3.jpg,640,480,5,206,51,555,418
webcam_opencv_no_5_4.jpg,640,480,5,206,64,554,434
webcam_opencv_no_5_5.jpg,640,480,5,188,31,590,360
webcam_opencv_no_5_6.jpg,640,480,5,210,39,577,399
webcam_opencv_no_5_7.jpg,640,480,5,89,90,410,381
webcam_opencv_no_5_8.jpg,640,480,5,100,66,455,377
webcam_opencv_no_5_9.jpg,640,480,5,148,32,498,351
webcam_opencv_no_5_10.jpg,640,480,5,132,113,488,403
webcam_opencv_no_5_11.jpg,640,480,5,2,87,340,455
webcam_opencv_no_5_12.jpg,640,480,5,2,93,399,465
webcam_opencv_no_5_13.jpg,640,480,5,37,103,422,462
webcam_opencv_no_5_14.jpg,640,480,5,74,73,428,397
webcam_opencv_no_5_15.jpg,640,480,5,55,122,398,470
webcam_opencv_no_5_16.jpg,640,480,5,80,60,482,472
webcam_opencv_no_5_17.jpg,640,480,5,9,10,470,468
webcam_opencv_no_5_18.jpg,640,480,5,12,87,292,372
webcam_opencv_no_5_19.jpg,640,480,5,7,85,303,372
webcam_opencv_no_5_20.jpg,640,480,5,16,78,265,394
webcam_opencv_no_5_21.jpg,640,480,5,8,93,281,404
webcam_opencv_no_5_22.jpg,640,480,5,27,85,372,419
webcam_opencv_no_5_23.jpg,640,480,5,51,104,344,415
webcam_opencv_no_5_24.jpg,640,480,5,16,100,336,425
webcam_opencv_no_5_25.jpg,640,480,5,188,184,457,445
webcam_opencv_no_5_26.jpg,640,480,5,10,142,297,439
webcam_opencv_no_5_27.jpg,640,480,5,40,122,365,465
webcam_opencv_no_5_28.jpg,640,480,5,171,197,448,480
webcam_opencv_no_5_29.jpg,640,480,5,142,169,459,447
webcam_opencv_no_5_30.jpg,640,480,5,83,115,404,447
webcam_opencv_no_5_31.jpg,640,480,5,106,148,419,453
webcam_opencv_no_5_32.jpg,640,480,5,299,177,580,459
webcam_opencv_no_5_33.jpg,640,480,5,22,106,328,450
webcam_opencv_no_5_34.jpg,640,480,5,18,99,320,423
webcam_opencv_no_5_35.jpg,640,480,5,42,111,348,440
webcam_opencv_no_6_0.jpg,640,480,6,368,67,575,368
webcam_opencv_no_6_1.jpg,640,480,6,342,71,565,383
webcam_opencv_no_6_2.jpg,640,480,6,357,45,629,369
webcam_opencv_no_6_3.jpg,640,480,6,343,79,549,357
webcam_opencv_no_6_4.jpg,640,480,6,343,89,533,386
webcam_opencv_no_6_5.jpg,640,480,6,360,88,602,413
webcam_opencv_no_6_6.jpg,640,480,6,255,86,470,412
webcam_opencv_no_6_7.jpg,640,480,6,236,107,433,413
webcam_opencv_no_6_8.jpg,640,480,6,191,102,430,415
webcam_opencv_no_6_9.jpg,640,480,6,241,93,464,354
webcam_opencv_no_6_10.jpg,640,480,6,293,188,512,475
webcam_opencv_no_6_11.jpg,640,480,6,271,85,450,369
webcam_opencv_no_6_12.jpg,640,480,6,275,84,455,396
webcam_opencv_no_6_13.jpg,640,480,6,367,130,564,447
webcam_opencv_no_6_14.jpg,640,480,6,294,153,526,480
webcam_opencv_no_6_15.jpg,640,480,6,297,137,515,480
webcam_opencv_no_6_16.jpg,640,480,6,244,142,484,469
webcam_opencv_no_6_17.jpg,640,480,6,255,100,469,467
webcam_opencv_no_6_18.jpg,640,480,6,279,109,475,450
webcam_opencv_no_6_19.jpg,640,480,6,204,102,398,440
webcam_opencv_no_6_20.jpg,640,480,6,255,108,427,398
webcam_opencv_no_6_21.jpg,640,480,6,228,108,442,436
webcam_opencv_no_6_22.jpg,640,480,6,197,101,420,418
webcam_opencv_no_6_23.jpg,640,480,6,165,123,393,453
webcam_opencv_no_6_24.jpg,640,480,6,175,123,386,429
webcam_opencv_no_6_25.jpg,640,480,6,230,63,494,435
webcam_opencv_no_6_26.jpg,640,480,6,282,72,542,421
webcam_opencv_no_6_27.jpg,640,480,6,41,47,312,368
webcam_opencv_no_6_28.jpg,640,480,6,184,57,429,415
webcam_opencv_no_6_29.jpg,640,480,6,32,89,276,382
webcam_opencv_no_6_30.jpg,640,480,6,194,52,447,350
webcam_opencv_no_6_31.jpg,640,480,6,217,53,465,408
webcam_opencv_no_6_32.jpg,640,480,6,338,75,617,432
webcam_opencv_no_6_33.jpg,640,480,6,206,73,480,450
webcam_opencv_no_6_34.jpg,640,480,6,122,75,413,426
webcam_opencv_no_6_35.jpg,640,480,6,173,77,442,456
webcam_opencv_no_7_0.jpg,640,480,7,349,72,533,304
webcam_opencv_no_7_1.jpg,640,480,7,358,72,521,304
webcam_opencv_no_7_2.jpg,640,480,7,430,59,591,278
webcam_opencv_no_7_3.jpg,640,480,7,308,124,464,349
webcam_opencv_no_7_4.jpg,640,480,7,234,116,369,323
webcam_opencv_no_7_5.jpg,640,480,7,220,103,405,349
webcam_opencv_no_7_6.jpg,640,480,7,212,167,359,409
webcam_opencv_no_7_7.jpg,640,480,7,253,131,402,366
webcam_opencv_no_7_8.jpg,640,480,7,255,152,439,360
webcam_opencv_no_7_9.jpg,640,480,7,259,154,435,409
webcam_opencv_no_7_10.jpg,640,480,7,265,140,427,406
webcam_opencv_no_7_11.jpg,640,480,7,256,141,398,391
webcam_opencv_no_7_12.jpg,640,480,7,218,183,407,419
webcam_opencv_no_7_13.jpg,640,480,7,215,193,375,435
webcam_opencv_no_7_14.jpg,640,480,7,193,185,377,414
webcam_opencv_no_7_15.jpg,640,480,7,199,132,372,432
webcam_opencv_no_7_16.jpg,640,480,7,214,149,381,431
webcam_opencv_no_7_17.jpg,640,480,7,199,140,375,423
webcam_opencv_no_7_18.jpg,640,480,7,200,132,362,406
webcam_opencv_no_7_19.jpg,640,480,7,205,166,367,441
webcam_opencv_no_7_20.jpg,640,480,7,240,163,408,440
webcam_opencv_no_7_21.jpg,640,480,7,307,170,474,425
webcam_opencv_no_7_22.jpg,640,480,7,275,165,444,419
webcam_opencv_no_7_23.jpg,640,480,7,275,198,446,449
webcam_opencv_no_7_24.jpg,640,480,7,279,215,440,455
webcam_opencv_no_7_25.jpg,640,480,7,191,42,360,347
webcam_opencv_no_7_26.jpg,640,480,7,237,73,387,358
webcam_opencv_no_7_27.jpg,640,480,7,229,75,384,389
webcam_opencv_no_7_28.jpg,640,480,7,136,70,324,353
webcam_opencv_no_7_29.jpg,640,480,7,287,83,460,370
webcam_opencv_no_7_30.jpg,640,480,7,148,69,332,358
webcam_opencv_no_7_31.jpg,640,480,7,213,109,393,419
webcam_opencv_no_7_32.jpg,640,480,7,256,108,438,387
webcam_opencv_no_7_33.jpg,640,480,7,139,90,342,336
webcam_opencv_no_7_34.jpg,640,480,7,2,75,199,378
webcam_opencv_no_7_35.jpg,640,480,7,183,87,384,365
webcam_opencv_no_8_0.jpg,640,480,8,78,108,399,477
webcam_opencv_no_8_1.jpg,640,480,8,9,112,323,477
webcam_opencv_no_8_2.jpg,640,480,8,143,96,382,442
webcam_opencv_no_8_3.jpg,640,480,8,178,135,392,411
webcam_opencv_no_8_4.jpg,640,480,8,64,136,349,453
webcam_opencv_no_8_5.jpg,640,480,8,63,118,330,460
webcam_opencv_no_8_6.jpg,640,480,8,308,110,621,469
webcam_opencv_no_8_7.jpg,640,480,8,303,114,634,473
webcam_opencv_no_8_8.jpg,640,480,8,311,87,632,472
webcam_opencv_no_8_9.jpg,640,480,8,312,94,624,466
webcam_opencv_no_8_10.jpg,640,480,8,297,40,559,367
webcam_opencv_no_8_11.jpg,640,480,8,249,81,524,380
webcam_opencv_no_8_12.jpg,640,480,8,195,116,462,380
webcam_opencv_no_8_13.jpg,640,480,8,96,105,360,474
webcam_opencv_no_8_14.jpg,640,480,8,313,132,587,472
webcam_opencv_no_8_15.jpg,640,480,8,225,120,529,458
webcam_opencv_no_8_16.jpg,640,480,8,163,76,462,431
webcam_opencv_no_8_17.jpg,640,480,8,156,167,489,480
webcam_opencv_no_8_18.jpg,640,480,8,122,70,464,460
webcam_opencv_no_8_19.jpg,640,480,8,119,153,488,480
webcam_opencv_no_8_20.jpg,640,480,8,176,133,458,479
webcam_opencv_no_8_21.jpg,640,480,8,298,162,542,478
webcam_opencv_no_8_22.jpg,640,480,8,209,140,468,471
webcam_opencv_no_8_23.jpg,640,480,8,207,148,482,480
webcam_opencv_no_8_24.jpg,640,480,8,189,146,465,460
webcam_opencv_no_8_25.jpg,640,480,8,2,43,272,391
webcam_opencv_no_8_26.jpg,640,480,8,91,61,354,408
webcam_opencv_no_8_27.jpg,640,480,8,91,68,382,444
webcam_opencv_no_8_28.jpg,640,480,8,142,77,476,467
webcam_opencv_no_8_29.jpg,640,480,8,74,74,442,456
webcam_opencv_no_8_30.jpg,640,480,8,44,113,391,442
webcam_opencv_no_8_31.jpg,640,480,8,148,125,446,465
webcam_opencv_no_8_32.jpg,640,480,8,213,116,534,469
webcam_opencv_no_8_33.jpg,640,480,8,102,108,498,461
webcam_opencv_no_8_34.jpg,640,480,8,176,131,489,476
webcam_opencv_no_8_35.jpg,640,480,8,118,103,465,451
webcam_opencv_no_9_0.jpg,640,480,9,57,131,375,367
webcam_opencv_no_9_1.jpg,640,480,9,74,85,380,299
webcam_opencv_no_9_2.jpg,640,480,9,53,184,371,389
webcam_opencv_no_9_3.jpg,640,480,9,109,168,431,393
webcam_opencv_no_9_4.jpg,640,480,9,192,88,459,295
webcam_opencv_no_9_5.jpg,640,480,9,214,155,458,353
webcam_opencv_no_9_6.jpg,640,480,9,1,138,290,351
webcam_opencv_no_9_7.jpg,640,480,9,117,118,410,324
webcam_opencv_no_9_8.jpg,640,480,9,365,110,640,351
webcam_opencv_no_9_9.jpg,640,480,9,272,84,578,320
webcam_opencv_no_9_10.jpg,640,480,9,296,165,599,403
webcam_opencv_no_9_11.jpg,640,480,9,322,95,640,307
webcam_opencv_no_9_12.jpg,640,480,9,230,108,529,338
webcam_opencv_no_9_13.jpg,640,480,9,243,166,538,379
webcam_opencv_no_9_14.jpg,640,480,9,282,121,590,351
webcam_opencv_no_9_15.jpg,640,480,9,270,142,590,377
webcam_opencv_no_9_16.jpg,640,480,9,222,108,557,321
webcam_opencv_no_9_17.jpg,640,480,9,224,102,583,329
webcam_opencv_no_9_18.jpg,640,480,9,256,101,574,313
webcam_opencv_no_9_19.jpg,640,480,9,243,110,569,323
webcam_opencv_no_9_20.jpg,640,480,9,258,139,563,322
webcam_opencv_no_9_21.jpg,640,480,9,270,86,605,273
webcam_opencv_no_9_22.jpg,640,480,9,298,116,611,305
webcam_opencv_no_9_23.jpg,640,480,9,312,78,616,259
webcam_opencv_no_9_24.jpg,640,480,9,28,80,337,312
webcam_opencv_no_9_25.jpg,640,480,9,101,150,378,339
webcam_opencv_no_9_26.jpg,640,480,9,107,140,379,341
webcam_opencv_no_9_27.jpg,640,480,9,16,144,326,345
webcam_opencv_no_9_28.jpg,640,480,9,72,153,375,352
webcam_opencv_no_9_29.jpg,640,480,9,174,176,490,385
webcam_opencv_no_9_30.jpg,640,480,9,197,170,584,410
webcam_opencv_no_9_31.jpg,640,480,9,177,130,560,383
webcam_opencv_no_9_32.jpg,640,480,9,128,146,590,427
webcam_opencv_no_9_33.jpg,640,480,9,105,133,588,422
webcam_opencv_no_9_34.jpg,640,480,9,117,130,567,411
webcam_opencv_no_9_35.jpg,640,480,9,107,122,545,401
m0.jpg,224,224,L,37,29,223,214
m2.jpg,224,224,M,23,32,185,215
m3.jpg,224,224,M,5,35,122,220
m4.jpg,224,224,M,3,35,116,201
m5.jpg,224,224,M,3,37,113,200
m6.jpg,224,224,M,1,36,114,194
m8.jpg,224,224,M,3,40,117,209
m11.jpg,224,224,M,2,39,119,203
m12.jpg,224,224,M,14,5,189,224
m13.jpg,224,224,M,2,39,119,210
m15.jpg,224,224,M,1,40,131,207
m16.jpg,224,224,M,2,40,119,209
m23.jpg,224,224,M,2,6,185,216
m24.jpg,224,224,M,1,39,117,212
m25.jpg,224,224,M,15,39,148,206
m26.jpg,224,224,M,11,34,165,210
m27.jpg,224,224,M,10,28,161,177
m28.jpg,224,224,M,6,19,150,163
m29.jpg,224,224,M,7,16,153,170
m30.jpg,224,224,M,6,14,154,181
m31.jpg,224,224,M,8,12,154,176
m32.jpg,224,224,M,10,8,156,178
m33.jpg,224,224,M,4,6,160,166
m34.jpg,224,224,M,13,5,186,218
m35.jpg,224,224,M,3,3,158,167
m36.jpg,224,224,M,5,1,156,161
m37.jpg,224,224,M,5,6,169,189
m38.jpg,224,224,M,7,19,163,196
m39.jpg,224,224,M,9,20,159,201
m40.jpg,224,224,M,4,22,160,201
m41.jpg,224,224,M,5,21,160,193
m46.jpg,224,224,M,2,19,158,188
m47.jpg,224,224,M,4,19,158,195
m48.jpg,224,224,M,3,17,157,183
m49.jpg,224,224,M,4,13,156,178
m50.jpg,224,224,M,6,12,157,193
m51.jpg,224,224,M,8,13,156,183
n0.jpg,224,224,M,37,26,167,159
n1.jpg,224,224,M,71,11,213,153
n2.jpg,224,224,N,56,55,198,202
n3.jpg,224,224,N,69,53,210,197
n4.jpg,224,224,N,3,100,212,223
n5.jpg,224,224,N,16,68,158,189
n6.jpg,224,224,N,20,66,150,189
n7.jpg,224,224,N,7,59,147,191
n8.jpg,224,224,N,14,59,147,190
n9.jpg,224,224,N,17,63,154,197
n10.jpg,224,224,N,21,63,154,199
n11.jpg,224,224,N,23,63,154,181
n12.jpg,224,224,N,74,12,213,167
n13.jpg,224,224,N,23,63,156,190
n14.jpg,224,224,N,23,63,158,197
n15.jpg,224,224,N,22,64,158,189
n16.jpg,224,224,N,21,65,157,204
n17.jpg,224,224,N,24,64,158,195
n18.jpg,224,224,N,25,65,158,195
n19.jpg,224,224,N,26,64,158,201
n20.jpg,224,224,N,24,63,156,203
n21.jpg,224,224,N,26,63,157,201
n22.jpg,224,224,N,22,63,157,204
n24.jpg,224,224,N,18,63,157,203
n25.jpg,224,224,N,17,61,156,201
n26.jpg,224,224,N,21,61,157,204
n27.jpg,224,224,N,21,60,155,209
n28.jpg,224,224,N,17,63,156,202
n29.jpg,224,224,N,21,67,169,204
n30.jpg,224,224,N,25,69,170,203
n31.jpg,224,224,N,27,69,171,208
n32.jpg,224,224,N,29,69,174,212
n33.jpg,224,224,N,31,70,175,209
n35.jpg,224,224,N,33,72,174,200
n36.jpg,224,224,N,35,72,175,206
n37.jpg,224,224,N,35,72,175,210
n38.jpg,224,224,N,37,74,175,202
n39.jpg,224,224,N,38,74,175,186
n40.jpg,224,224,N,44,76,177,195
n41.jpg,224,224,N,40,77,177,205
j53.jpg,224,224,J,38,81,127,177
k27.jpg,224,224,K,64,40,209,192
k30.jpg,224,224,K,48,13,211,201
k30.jpg,224,224,K,55,39,205,196
k31.jpg,224,224,K,40,18,204,197
k31.jpg,224,224,K,53,52,196,192
k2.jpg,224,224,K,64,31,211,208
k5.jpg,224,224,K,28,13,200,203
k5.jpg,224,224,K,39,32,192,196
c1.jpg,224,224,C,26,3,191,127
o0.jpg,224,224,O,56,26,157,121
o1.jpg,224,224,O,92,17,193,117
o2.jpg,224,224,O,80,87,180,182
o3.jpg,224,224,O,48,34,153,136
o4.jpg,224,224,O,69,22,174,117
o5.jpg,224,224,O,71,19,175,109
o6.jpg,224,224,O,74,18,181,111
o7.jpg,224,224,O,59,18,174,127
o8.jpg,224,224,O,73,14,182,109
o9.jpg,224,224,O,80,16,190,119
o10.jpg,224,224,O,82,45,197,144
o11.jpg,224,224,O,83,41,196,158
o13.jpg,224,224,O,67,44,194,159
o14.jpg,224,224,O,67,43,194,163
o15.jpg,224,224,O,67,44,195,162
o20.jpg,224,224,O,22,43,150,159
o21.jpg,224,224,O,26,37,154,165
o22.jpg,224,224,O,36,38,159,157
o38.jpg,224,224,O,21,56,160,183
o43.jpg,224,224,O,73,53,198,162
o44.jpg,224,224,O,72,52,201,173
o46.jpg,224,224,O,53,50,193,177
o56.jpg,224,224,O,42,10,164,108
o60.jpg,224,224,O,93,59,209,171
o67.jpg,224,224,O,42,10,153,111
o69.jpg,224,224,O,103,64,214,174
o73.jpg,224,224,O,5,40,140,170
o78.jpg,224,224,O,29,13,147,119
o80.jpg,224,224,O,20,63,132,170
o81.jpg,224,224,O,24,64,135,175
o86.jpg,224,224,O,89,43,204,152
o88.jpg,224,224,O,107,58,220,180
o89.jpg,224,224,O,39,14,133,114
o90.jpg,224,224,O,108,57,220,170
o91.jpg,224,224,O,102,59,221,174
o95.jpg,224,224,O,95,57,215,174
p0.jpg,224,224,P,60,21,193,157
p2.jpg,224,224,P,40,46,193,211
p8.jpg,224,224,P,8,26,177,178
p9.jpg,224,224,P,14,12,173,162
p12.jpg,224,224,P,74,17,218,150
p13.jpg,224,224,P,16,11,178,159
p23.jpg,224,224,P,85,17,217,166
p24.jpg,224,224,P,65,34,215,172
p26.jpg,224,224,P,54,37,206,185
p27.jpg,224,224,P,57,37,219,195
p34.jpg,224,224,P,83,20,218,168
p38.jpg,224,224,P,83,14,219,160
p41.jpg,224,224,P,62,20,218,171
p44.jpg,224,224,P,24,17,183,165
p48.jpg,224,224,P,65,14,199,165
p49.jpg,224,224,P,63,14,202,154
p53.jpg,224,224,P,29,21,185,177
p102.jpg,224,224,P,49,18,193,165
p105.jpg,224,224,P,21,28,180,187
p109.jpg,224,224,P,51,22,202,181
p111.jpg,224,224,P,53,26,199,175
p112.jpg,224,224,P,32,20,187,173
p114.jpg,224,224,P,29,20,191,181
p122.jpg,224,224,P,64,49,224,214
p123.jpg,224,224,P,43,24,193,177
p124.jpg,224,224,P,74,46,221,216
p128.jpg,224,224,P,50,36,219,217
p129.jpg,224,224,P,58,35,212,191
p130.jpg,224,224,P,38,34,213,209
p134.jpg,224,224,P,46,21,203,169
p139.jpg,224,224,P,11,14,202,208
p140.jpg,224,224,P,16,12,201,212
p145.jpg,224,224,P,47,18,199,172
p148.jpg,224,224,P,66,20,219,196
p157.jpg,224,224,P,86,44,219,206
p165.jpg,224,224,P,82,71,219,204
p167.jpg,224,224,P,45,17,201,172
q0.jpg,224,224,Q,31,17,195,174
q1.jpg,224,224,Q,14,11,203,177
q2.jpg,224,224,Q,15,51,202,209
q4.jpg,224,224,Q,50,25,195,139
q5.jpg,224,224,Q,63,48,203,162
q6.jpg,224,224,Q,58,47,206,164
q7.jpg,224,224,Q,47,47,212,167
q8.jpg,224,224,Q,64,45,213,165
q9.jpg,224,224,Q,63,42,205,164
q10.jpg,224,224,Q,62,37,212,158
q11.jpg,224,224,Q,59,36,215,155
q12.jpg,224,224,Q,9,12,206,181
q13.jpg,224,224,Q,64,34,207,148
q18.jpg,224,224,Q,53,16,209,140
q19.jpg,224,224,Q,49,23,211,151
q20.jpg,224,224,Q,52,24,210,154
q21.jpg,224,224,Q,61,27,214,155
q24.jpg,224,224,Q,60,25,209,157
q29.jpg,224,224,Q,48,11,208,142
q30.jpg,224,224,Q,41,7,204,140
q32.jpg,224,224,Q,38,7,210,138
q37.jpg,224,224,Q,30,7,204,142
q39.jpg,224,224,Q,31,10,205,140
q71.jpg,224,224,Q,33,27,207,153
q85.jpg,224,224,Q,54,25,213,157
q86.jpg,224,224,Q,57,31,218,158
q103.jpg,224,224,Q,44,6,216,140
q104.jpg,224,224,Q,46,11,218,138
q105.jpg,224,224,Q,54,17,217,142
q108.jpg,224,224,Q,30,24,207,146
q123.jpg,224,224,Q,21,14,209,174
q113.jpg,224,224,Q,54,44,206,159
q112.jpg,224,224,Q,45,13,218,186
q111.jpg,224,224,Q,30,15,207,175
q110.jpg,224,224,Q,45,40,203,155
q109.jpg,224,224,Q,35,35,207,156
r0.jpg,224,224,R,23,102,190,214
r2.jpg,224,224,R,15,107,179,218
r3.jpg,224,224,R,19,105,184,220
r118.jpg,224,224,R,17,29,198,185
r120.jpg,224,224,R,27,25,215,190
r121.jpg,224,224,R,8,31,214,186
r122.jpg,224,224,R,10,35,222,188
r124.jpg,224,224,R,16,31,223,189
r137.jpg,224,224,R,13,44,217,203
r149.jpg,224,224,R,13,40,224,213
r185.jpg,224,224,R,3,68,184,215
r191.jpg,224,224,R,4,79,174,222
r194.jpg,224,224,R,5,88,181,224
r197.jpg,224,224,R,8,103,179,223
r199.jpg,224,224,R,7,109,173,224
r202.jpg,224,224,R,25,35,209,178
r203.jpg,224,224,R,25,28,205,180
r204.jpg,224,224,R,24,24,208,179
r205.jpg,224,224,R,22,34,205,182
r206.jpg,224,224,R,20,35,207,183
r208.jpg,224,224,R,35,42,201,186
r209.jpg,224,224,R,39,42,207,183
r212.jpg,224,224,R,55,71,211,188
r215.jpg,224,224,R,33,53,222,218
r216.jpg,224,224,R,23,53,221,210
r217.jpg,224,224,R,19,51,220,206
r218.jpg,224,224,R,27,55,217,210
r219.jpg,224,224,R,22,55,224,213
r223.jpg,224,224,R,75,74,211,190
r226.jpg,224,224,R,35,28,224,181
r234.jpg,224,224,R,66,78,209,201
r236.jpg,224,224,R,60,70,215,190
r238.jpg,224,224,R,57,89,216,208
r239.jpg,224,224,R,49,92,215,210
r243.jpg,224,224,R,33,58,209,195
r245.jpg,224,224,R,53,78,214,205
r246.jpg,224,224,R,27,43,217,187
a0.jpg,224,224,A,10,24,215,119
s0.jpg,224,224,S,36,28,167,198
s1.jpg,224,224,S,11,14,153,200
s2.jpg,224,224,S,59,22,155,153
s12.jpg,224,224,S,18,12,152,205
s13.jpg,224,224,S,57,22,136,148
s18.jpg,224,224,S,88,20,177,155
s20.jpg,224,224,S,99,22,179,151
s23.jpg,224,224,S,22,13,155,205
s28.jpg,224,224,S,59,32,144,161
s34.jpg,224,224,S,30,8,159,198
s65.jpg,224,224,S,81,8,157,139
s66.jpg,224,224,S,85,8,158,135
s114.jpg,224,224,S,83,17,206,216
s115.jpg,224,224,S,69,15,200,218
s118.jpg,224,224,S,12,6,143,207
s122.jpg,224,224,S,84,20,177,167
s123.jpg,224,224,S,26,26,143,201
s131.jpg,224,224,S,128,72,202,203
s140.jpg,224,224,S,50,25,151,192
s197.jpg,224,224,S,87,7,194,183
0.jpg,128,128,S,7,7,78,124
2.jpg,128,128,S,7,5,75,125
5.jpg,128,128,S,7,8,79,123
6.jpg,128,128,S,7,7,77,126
8.jpg,128,128,S,10,7,75,125
13.jpg,128,128,S,11,8,76,125
57.jpg,128,128,S,13,10,81,125
58.jpg,128,128,S,11,9,81,124
59.jpg,128,128,S,12,9,80,124
89.jpg,128,128,S,12,6,79,124
90.jpg,128,128,S,11,7,82,123
91.jpg,128,128,S,13,7,81,125
92.jpg,128,128,S,11,7,80,125
143.jpg,128,128,S,16,7,79,127
s86.jpg,224,224,S,56,23,140,151
s88.jpg,224,224,S,56,27,138,153
t0.jpg,224,224,T,36,27,177,181
t1.jpg,224,224,T,35,31,160,184
t2.jpg,224,224,T,46,44,188,206
t3.jpg,224,224,T,75,36,185,165
t4.jpg,224,224,T,83,16,210,154
t5.jpg,224,224,T,87,15,209,150
t6.jpg,224,224,T,90,14,205,159
t7.jpg,224,224,T,84,15,205,155
t8.jpg,224,224,T,84,14,208,154
t9.jpg,224,224,T,73,15,196,151
t10.jpg,224,224,T,67,13,189,158
t11.jpg,224,224,T,69,16,200,158
t12.jpg,224,224,T,44,23,182,181
t13.jpg,224,224,T,69,17,200,160
t14.jpg,224,224,T,66,18,201,159
t15.jpg,224,224,T,70,20,209,155
t16.jpg,224,224,T,63,16,207,160
t18.jpg,224,224,T,74,28,208,167
t19.jpg,224,224,T,77,30,204,166
t23.jpg,224,224,T,45,20,186,188
t33.jpg,224,224,T,59,33,179,159
t34.jpg,224,224,T,41,34,175,201
t35.jpg,224,224,T,63,31,176,164
t45.jpg,224,224,T,50,39,180,210
t58.jpg,224,224,T,81,22,192,180
t67.jpg,224,224,T,51,42,193,218
t75.jpg,224,224,T,69,4,201,164
t78.jpg,224,224,T,52,63,194,220
t86.jpg,224,224,T,61,19,184,172
t88.jpg,224,224,T,58,17,198,176
t89.jpg,224,224,T,53,67,196,217
t91.jpg,224,224,T,58,16,207,174
t93.jpg,224,224,T,64,16,210,177
t100.jpg,224,224,T,45,75,212,224
t106.jpg,224,224,T,81,12,213,169
t108.jpg,224,224,T,77,21,216,178
u0.jpg,224,224,U,8,68,137,209
u1.jpg,224,224,U,41,21,155,171
u2.jpg,224,224,U,64,58,171,164
u4.jpg,224,224,U,75,49,187,156
u12.jpg,224,224,U,42,13,160,160
u16.jpg,224,224,U,75,62,181,164
u17.jpg,224,224,U,70,55,184,163
u18.jpg,224,224,U,66,58,170,164
u19.jpg,224,224,U,73,59,168,158
u23.jpg,224,224,U,46,12,148,154
u24.jpg,224,224,U,69,65,166,163
u25.jpg,224,224,U,66,67,162,162
u27.jpg,224,224,U,62,66,157,159
u29.jpg,224,224,U,68,33,162,131
u31.jpg,224,224,U,109,50,203,155
u34.jpg,224,224,U,39,11,138,155
u45.jpg,224,224,U,29,13,136,164
u54.jpg,224,224,U,122,34,216,140
u56.jpg,224,224,U,26,11,132,163
u57.jpg,224,224,U,125,40,217,152
u66.jpg,224,224,U,67,41,182,161
u67.jpg,224,224,U,24,11,128,162
u78.jpg,224,224,U,27,12,134,167
u79.jpg,224,224,U,58,73,179,182
u84.jpg,224,224,U,83,65,180,166
u89.jpg,224,224,U,34,13,141,163
u91.jpg,224,224,U,84,65,200,170
0.jpg,128,128,U,22,25,98,104
1.jpg,128,128,U,25,25,97,108
37.jpg,128,128,U,31,28,100,111
38.jpg,128,128,U,28,29,98,111
39.jpg,128,128,U,28,28,98,113
40.jpg,128,128,U,31,28,100,113
66.jpg,128,128,U,28,31,99,113
67.jpg,128,128,U,28,32,97,113
68.jpg,128,128,U,29,29,98,112
v0.jpg,224,224,V,37,25,119,192
v1.jpg,224,224,V,13,17,97,190
v2.jpg,224,224,V,44,14,144,214
v3.jpg,224,224,V,94,13,153,138
v23.jpg,224,224,V,42,13,128,188
v33.jpg,224,224,V,42,22,128,146
v34.jpg,224,224,V,52,13,147,178
v35.jpg,224,224,V,23,1,107,134
v39.jpg,224,224,V,40,25,125,160
v45.jpg,224,224,V,62,11,160,184
v49.jpg,224,224,V,80,14,174,151
v56.jpg,224,224,V,74,8,174,188
v57.jpg,224,224,V,62,3,145,143
v59.jpg,224,224,V,60,2,150,139
v67.jpg,224,224,V,69,1,182,190
v69.jpg,224,224,V,44,36,121,176
v70.jpg,224,224,V,43,36,118,175
v75.jpg,224,224,V,26,33,103,173
v78.jpg,224,224,V,66,1,179,192
v86.jpg,224,224,V,55,33,132,168
v100.jpg,224,224,V,93,19,200,213
v111.jpg,224,224,V,28,25,115,197
v113.jpg,224,224,V,50,24,124,156
v114.jpg,224,224,V,50,16,122,150
v119.jpg,224,224,V,10,59,122,224
v120.jpg,224,224,V,4,55,109,224
v123.jpg,224,224,V,39,17,134,216
v127.jpg,224,224,V,71,9,166,210
v129.jpg,224,224,V,80,13,185,219
v130.jpg,224,224,V,76,20,181,222
v133.jpg,224,224,V,71,3,179,221
v135.jpg,224,224,V,26,28,115,199
v138.jpg,224,224,V,77,25,193,224
v140.jpg,224,224,V,49,19,139,189
v141.jpg,224,224,V,39,28,124,190
v143.jpg,224,224,V,4,28,82,191
v146.jpg,224,224,V,21,26,109,195
c0.jpg,224,224,c1,18,18,207,129
c2.jpg,224,224,C,57,85,179,188
c3.jpg,224,224,C,38,91,201,213
c4.jpg,224,224,C,21,80,162,201
c5.jpg,224,224,C,5,81,157,204
c10.jpg,224,224,C,1,75,106,196
c11.jpg,224,224,C,1,60,127,170
c12.jpg,224,224,C,47,2,194,122
c13.jpg,224,224,C,36,56,171,173
c14.jpg,224,224,C,7,75,180,199
c20.jpg,224,224,C,1,51,102,161
c29.jpg,224,224,C,3,52,135,163
c30.jpg,224,224,C,9,49,153,165
c31.jpg,224,224,C,9,51,153,167
c34.jpg,224,224,C,26,6,195,129
c35.jpg,224,224,C,7,58,154,174
c36.jpg,224,224,C,1,64,159,189
c50.jpg,224,224,C,19,23,161,132
c51.jpg,224,224,C,19,27,131,120
c52.jpg,224,224,C,14,47,124,124
c57.jpg,224,224,C,6,45,121,134
c58.jpg,224,224,C,37,22,148,112
c59.jpg,224,224,C,22,42,146,135
c75.jpg,224,224,C,18,65,174,166
c78.jpg,224,224,C,2,13,161,138
c85.jpg,224,224,C,14,39,162,130
c88.jpg,224,224,C,27,17,148,93
c89.jpg,224,224,C,7,18,154,136
c90.jpg,224,224,C,29,19,150,98
c124.jpg,224,224,C,15,21,173,149
c125.jpg,224,224,C,30,109,189,209
c126.jpg,224,224,C,60,72,179,185
c127.jpg,224,224,C,10,56,153,169
c128.jpg,224,224,C,14,44,151,161
c129.jpg,224,224,C,6,31,152,143
c130.jpg,224,224,C,9,21,161,138
a1.jpg,224,224,A,7,73,220,166
a3.jpg,224,224,A,19,42,209,124
a4.jpg,224,224,A,3,47,193,125
a5.jpg,224,224,A,6,65,189,140
a6.jpg,224,224,A,23,68,206,143
a7.jpg,224,224,A,42,55,221,125
a8.jpg,224,224,A,32,48,216,119
a9.jpg,224,224,A,3,61,182,129
a10.jpg,224,224,A,16,85,192,151
a11.jpg,224,224,A,29,86,210,155
a12.jpg,224,224,A,11,81,221,168
a13.jpg,224,224,A,44,88,218,163
a15.jpg,224,224,A,45,55,223,132
a16.jpg,224,224,A,19,42,207,121
a17.jpg,224,224,A,7,76,186,146
a18.jpg,224,224,A,15,22,214,104
a19.jpg,224,224,A,24,27,220,107
a20.jpg,224,224,A,24,59,214,127
a21.jpg,224,224,A,24,57,211,123
a23.jpg,224,224,A,10,88,222,177
a24.jpg,224,224,A,11,15,205,95
a25.jpg,224,224,A,21,21,210,93
a26.jpg,224,224,A,23,29,213,98
a28.jpg,224,224,A,24,73,205,147
a29.jpg,224,224,A,5,80,181,150
a30.jpg,224,224,A,5,86,181,155
a31.jpg,224,224,A,1,112,162,174
a32.jpg,224,224,A,13,106,182,170
a33.jpg,224,224,A,38,104,208,167
a34.jpg,224,224,A,8,102,218,185
a35.jpg,224,224,A,10,73,181,143
a36.jpg,224,224,A,18,63,190,128
a38.jpg,224,224,A,44,66,220,131
w5.jpg,224,224,W,47,9,194,159
w6.jpg,224,224,W,44,8,190,158
w8.jpg,224,224,W,28,14,170,164
w9.jpg,224,224,W,49,25,196,175
w10.jpg,224,224,W,47,26,194,178
w12.jpg,224,224,W,18,13,204,200
w23.jpg,224,224,W,20,8,208,202
w34.jpg,224,224,W,26,7,214,204
w37.jpg,224,224,W,58,30,198,178
w45.jpg,224,224,W,30,10,212,205
w56.jpg,224,224,W,23,12,217,208
w57.jpg,224,224,W,18,1,147,132
w71.jpg,224,224,W,53,13,182,141
w89.jpg,224,224,W,48,15,220,208
w95.jpg,224,224,W,58,41,191,175
w111.jpg,224,224,W,47,64,198,203
w149.jpg,224,224,W,48,58,204,200
w184.jpg,224,224,W,39,27,200,167
w185.jpg,224,224,W,31,27,211,171
w189.jpg,224,224,W,42,39,206,203
w193.jpg,224,224,W,30,48,190,201
w203.jpg,224,224,W,22,22,189,174
w204.jpg,224,224,W,23,37,191,194
w206.jpg,224,224,W,23,50,184,189
w211.jpg,224,224,W,37,66,179,194
5.jpg,128,128,W,25,32,111,107
w130.jpg,224,224,W,68,45,205,181
w131.jpg,224,224,W,67,48,201,184
w135.jpg,224,224,W,67,48,200,193
w145.jpg,224,224,W,9,64,196,224
w147.jpg,224,224,W,22,53,190,202
w148.jpg,224,224,W,18,52,192,196
w238.jpg,224,224,W,67,47,192,168
w249.jpg,224,224,W,66,45,193,166
w253.jpg,224,224,W,84,52,215,183
w260.jpg,224,224,W,68,44,195,166
w263.jpg,224,224,W,39,54,191,187
x0.jpg,224,224,X,35,66,192,164
x1.jpg,224,224,X,24,32,202,137
x2.jpg,224,224,X,40,94,210,205
x5.jpg,224,224,X,60,54,212,150
x12.jpg,224,224,X,15,27,197,135
x23.jpg,224,224,X,7,24,197,133
x34.jpg,224,224,X,2,22,197,130
x38.jpg,224,224,X,27,11,179,105
x45.jpg,224,224,X,1,16,185,128
